Workbook

Sheet Employe_Master
A1: EmpID | B1: First Name | C1: Last Name | D1: Department | E1: Annual Salary | F1: Review status
A2: E001 | B2: Sarah | C2: Connor | D2: IT | E2: 85000 | F2: =_xlfn.XLOOKUP(A2,Performance_Review!$B$1:$B$7,Performance_Review!$B$1:$B$7,"Not Reviewed",0) -> E001
A3: E002 | B3: John | C3: Smith | D3: Sales | E3: 62000 | F3: =_xlfn.XLOOKUP(A3,Performance_Review!$B$1:$B$7,Performance_Review!$B$1:$B$7,"Not Reviewed",0) -> E002
A4: E003 | B4: Emily | C4: Blunt | D4: HR | E4: 58000 | F4: =_xlfn.XLOOKUP(A4,Performance_Review!$B$1:$B$7,Performance_Review!$B$1:$B$7,"Not Reviewed",0) -> E003
A5: E004 | B5: Michael | C5: Scott | D5: Management | E5: 95000 | F5: =_xlfn.XLOOKUP(A5,Performance_Review!$B$1:$B$7,Performance_Review!$B$1:$B$7,"Not Reviewed",0) -> E004
A6: E005 | B6: Diana | C6: Prince | D6: IT | E6: 88000 | F6: =_xlfn.XLOOKUP(A6,Performance_Review!$B$1:$B$7,Performance_Review!$B$1:$B$7,"Not Reviewed",0) -> E005
A7: E006 | B7: Clark | C7: Kent | D7: Journalism | E7: 55000 | F7: =_xlfn.XLOOKUP(A7,Performance_Review!$B$1:$B$7,Performance_Review!$B$1:$B$7,"Not Reviewed",0) -> Not Reviewed

Sheet Performance_Review
A1: ReviewID | B1: EmpID | C1: Rating (1-5) | D1: Department (Task 1) | E1: Annual Salary (Task 3) | F1: Bonus Multiplier | G1: Computed Bonus (Task 4)
A2: 101 | B2: E002 | C2: 4 | D2: =_xlfn.XLOOKUP(B2,Employe_Master!$A$1:$A$7,Employe_Master!$D$1:$D$7,"contractor",0,1) -> Sales | E2: =_xlfn.XLOOKUP(B2,Employe_Master!$A$1:$A$7,Employe_Master!$E$1:$E$7,"contractor",0) -> 62000 | F2: 1.1 | G2: =_xlfn.XLOOKUP(B2,Employe_Master!$A$1:$A$7,Employe_Master!$E$1:$E$7,0)*F2 -> 68200
A3: 102 | B3: E005 | C3: 5 | D3: =_xlfn.XLOOKUP(B3,Employe_Master!$A$1:$A$7,Employe_Master!$D$1:$D$7,"contractor",0,1) -> IT | E3: =_xlfn.XLOOKUP(B3,Employe_Master!$A$1:$A$7,Employe_Master!$E$1:$E$7,"contractor",0) -> 88000 | F3: 1.15 | G3: =_xlfn.XLOOKUP(B3,Employe_Master!$A$1:$A$7,Employe_Master!$E$1:$E$7,0)*F3 -> 101200 | I3: left Lookup (Find EmpID using Last Name)
A4: 103 | B4: E001 | C4: 3 | D4: =_xlfn.XLOOKUP(B4,Employe_Master!$A$1:$A$7,Employe_Master!$D$1:$D$7,"contractor",0,1) -> IT | E4: =_xlfn.XLOOKUP(B4,Employe_Master!$A$1:$A$7,Employe_Master!$E$1:$E$7,"contractor",0) -> 85000 | F4: 1.05 | G4: =_xlfn.XLOOKUP(B4,Employe_Master!$A$1:$A$7,Employe_Master!$E$1:$E$7,0)*F4 -> 89250 | I4: =_xlfn.XLOOKUP("kent",Employe_Master!C1:C7,Employe_Master!A1:A7) -> E006
A5: 104 | B5: E004 | C5: 4 | D5: =_xlfn.XLOOKUP(B5,Employe_Master!$A$1:$A$7,Employe_Master!$D$1:$D$7,"contractor",0,1) -> Management | E5: =_xlfn.XLOOKUP(B5,Employe_Master!$A$1:$A$7,Employe_Master!$E$1:$E$7,"contractor",0) -> 95000 | F5: 1.1 | G5: =_xlfn.XLOOKUP(B5,Employe_Master!$A$1:$A$7,Employe_Master!$E$1:$E$7,0)*F5 -> 104500
A6: 105 | B6: E999 | C6: 2 | D6: =_xlfn.XLOOKUP(B6,Employe_Master!$A$1:$A$7,Employe_Master!$D$1:$D$7,"contractor",0,1) -> contractor | E6: =_xlfn.XLOOKUP(B6,Employe_Master!$A$1:$A$7,Employe_Master!$E$1:$E$7,"contractor",0) -> contractor | F6: 1 | G6: =_xlfn.XLOOKUP(B6,Employe_Master!$A$1:$A$7,Employe_Master!$E$1:$E$7,0)*F6 -> 0 | I6: look up EmpID E004
A7: 106 | B7: E003 | C7: 3 | D7: =_xlfn.XLOOKUP(B7,Employe_Master!$A$1:$A$7,Employe_Master!$D$1:$D$7,"contractor",0,1) -> HR | E7: =_xlfn.XLOOKUP(B7,Employe_Master!$A$1:$A$7,Employe_Master!$E$1:$E$7,"contractor",0) -> 58000 | F7: 1.05 | G7: =_xlfn.XLOOKUP(B7,Employe_Master!$A$1:$A$7,Employe_Master!$E$1:$E$7,0)*F7 -> 60900 | I7: {=_xlfn.XLOOKUP("E004",[1]Employee_Master!$A$1:$A$7,[1]Employee_Master!$B$1:$C$7,"Not Found",0,1 )} -> Not Found
